Residue_Index,T_2.0
6,2.397341168235641
4,2.3954971358999018
8,2.3741352168590186
1,2.3723896879383606
413,2.291047414867441
3,2.285183804118475
2,2.2791207583597677
406,2.271325371252863
5,2.271315819358616
9,2.265327543602901
414,2.2584028131066285
11,2.257018410645406
7,2.249651954473852
400,2.2451824536314873
410,2.236530667889134
10,2.230516913384866
409,2.2238894516525987
411,2.223114377259471
14,2.2214634128827924
407,2.2139844457846647
399,2.1992887681648354
412,2.1804729021852305
16,2.1684574259797165
17,2.1497462248219965
403,2.1487969753415075
402,2.138410306703604
15,2.1081257346658813
408,2.1013609344640876
398,2.1010030429409583
404,2.090324942661287
396,2.0845888442957694
401,2.0786255226330823
13,2.0627503666713
392,2.0627414264357515
12,2.061225923369146
21,2.036059914329153
19,2.035734427534754
22,2.015174862337666
24,2.0110408984748713
397,2.0074798030761003
394,1.989316323827806
405,1.987172541819288
395,1.9632185318542144
18,1.9514310250640232
393,1.948157314341064
390,1.9379985702986653
20,1.9112812155196184
391,1.8642957983696709
23,1.8286182790422136
387,1.78807731112356
26,1.695324494936552
388,1.6696903587117586
389,1.6513283619417731
25,1.647690883026548
386,1.6314396703328704
27,1.6084552501364764
385,1.5470248247018301
29,1.4763403828068098
28,1.4361147987681888
30,1.4255734569368648
384,1.4039534706543475
31,1.253734465515995
383,1.2243244520495669
33,1.2123701654420582
32,1.1259765538281399
34,0.9397927870553546
35,0.9299753775678625
246,0.9246511311504114
346,0.8690618380075564
382,0.8667380912457214
245,0.8162279908447917
36,0.791365290698453
37,0.7627492392239358
38,0.7381183999077443
380,0.7216706760383658
137,0.6446245987542198
377,0.6441850033385416
40,0.642830872709985
325,0.599113207883604
350,0.5973763318243648
344,0.5939509191982992
247,0.587299700325801
248,0.5779425930101052
