Residue_Index,Status
46,Increased
164,Increased
171,Increased
174,Increased
175,Increased
176,Increased
177,Increased
178,Increased
181,Increased
188,Increased
195,Increased
204,Increased
209,Increased
220,Increased
257,Increased
258,Increased
277,Increased
278,Increased
282,Increased
284,Increased
296,Increased
299,Increased
315,Increased
320,Increased
322,Increased
324,Increased
328,Increased
341,Increased
392,Increased
394,Increased
399,Increased
408,Increased
431,Increased
439,Increased
447,Increased
477,Increased
496,Increased
498,Increased
504,Increased
505,Increased
519,Increased
554,Increased
581,Increased
590,Increased
651,Increased
661,Increased
742,Increased
744,Increased
749,Increased
755,Increased
806,Increased
818,Increased
819,Increased
832,Increased
835,Increased
857,Increased
1306,Increased
1399,Increased
