Residue_Index,T_5.0
14,2.712315799416263
13,2.3536177656734902
64,2.333132403130828
60,2.2680314209928167
214,2.2470657859811483
7,2.162290224607816
125,2.141621077054217
129,2.1403070918698726
219,2.10106478807789
116,2.0924645952819314
132,2.0805708497407776
62,2.048739599220564
82,2.0232710285878444
124,2.022646464529991
57,2.017815788066193
91,2.0041680897066203
117,2.004004506077721
37,1.994358094338507
221,1.9876881827675983
111,1.9699635265442836
90,1.9622223681406
53,1.9612575143205493
31,1.9604392464291407
128,1.9529084398123455
25,1.9448235361469135
225,1.930968633722718
42,1.9305419284918086
71,1.9271049375402374
95,1.924654386788545
103,1.9198196952301243
21,1.9196762850035098
72,1.9102754375709776
276,1.8970162800585189
183,1.8898642213751164
99,1.8850769275191404
120,1.8773464573812964
123,1.8663720705809812
40,1.8645653899170698
719,1.861656726661157
729,1.8470873052715686
52,1.838322171828665
70,1.8359518250404128
126,1.827462250199967
97,1.8251265983060656
272,1.8179903621732698
732,1.8147928499319976
79,1.8124259586433045
211,1.8062492601773883
720,1.8034991581846203
89,1.8011223620631847
121,1.792723427634223
76,1.7804695267058812
55,1.7799867360590647
122,1.77470975454703
812,1.7744440448178167
714,1.7716597655561397
725,1.7690788571328413
826,1.7681342186847047
101,1.763026108974978
262,1.755889397186378
22,1.7551001722791117
106,1.7511986474698906
149,1.750152288627869
36,1.7477225128431628
94,1.7389079391758075
724,1.7371249713529993
8,1.7306484978079735
85,1.7283090686473512
804,1.7256167168658296
145,1.7254444315335835
104,1.7081363518704107
813,1.7025236552858822
721,1.7001793576481483
3,1.6989949746820576
10,1.6980904452105794
17,1.6938115294860112
83,1.6905930604093575
1128,1.688319019932683
146,1.687154698449864
32,1.6824382773095257
718,1.6820244147854841
268,1.674679057974956
138,1.6673276855174193
110,1.663147398423968
142,1.6620415826057395
78,1.6615391781517106
713,1.6597637228927145
102,1.6575007623984324
84,1.6561949752818614
493,1.6508077955106284
186,1.6488968063256295
15,1.6488525143758295
716,1.6389274242916532
77,1.6377988609338143
75,1.6327719904384035
127,1.628339325968296
222,1.6240540868194344
50,1.6179928328165045
218,1.6158191697055542
118,1.614434171906798
67,1.6144177058218516
114,1.6139421479413152
65,1.6027795693188882
809,1.6022497586962947
137,1.6014037208995304
56,1.600072080490713
18,1.5951603466810034
63,1.5923177436231315
96,1.589315292233452
2,1.5873841016664154
141,1.5872850813187458
6,1.5860977324987848
5,1.577317741806768
147,1.5662333945751565
98,1.5660533168815667
81,1.563527164835891
207,1.5632796279565848
66,1.5562128375720061
715,1.5559602643370691
717,1.5464440423909418
54,1.542789550825453
500,1.5344373565747365
58,1.5336742227876186
727,1.5203188708825943
130,1.5181493767549177
235,1.5123032730666053
29,1.504918366874491
115,1.5032058380811462
16,1.4987439907281221
23,1.4979228129423494
119,1.4975687571414296
251,1.4962244698840248
73,1.4893229279236841
80,1.4746879219918587
722,1.4704721006114612
136,1.4701689399821753
105,1.4679808812880388
224,1.4679471516951805
231,1.4662948493212633
86,1.465321014000342
244,1.4531025913994489
61,1.449100409426972
109,1.446769779898833
133,1.4449396522014735
734,1.4389421080972924
223,1.4380986864074752
728,1.4271782165921794
184,1.4238513959200536
112,1.4234866938229238
212,1.4232340506386039
4,1.4114771260921073
59,1.4078807764544177
47,1.4043982484540134
131,1.4027736320461925
9,1.40098564185763
213,1.400412014941032
48,1.3989082850582577
51,1.3967842860097845
143,1.3954489522735058
298,1.3948690998617588
248,1.3879384729476376
1,1.3876992600450022
107,1.3863367299883163
153,1.3808016632299014
398,1.37281870379638
92,1.3726339814637039
297,1.3718024511691296
946,1.3628763502042918
748,1.3611755309377858
781,1.3610205231033365
236,1.3605863892478747
1184,1.3596913029432027
108,1.3588605141120962
259,1.3557530966771296
1188,1.35286144511135
139,1.3528520159344117
93,1.3503358526607465
318,1.349447789274206
68,1.3471260013481718
405,1.3448076829115654
252,1.3426947778353615
255,1.3312870825823115
723,1.3268425407068376
134,1.3238794008708423
74,1.321549470836533
230,1.3076367762314614
191,1.3075793198076233
100,1.3022807519157604
766,1.3013873863659258
87,1.3001076204201203
69,1.297768121310115
820,1.288551800351987
113,1.28748787022476
39,1.2873937463339467
44,1.2852445655073204
726,1.2844050050234919
798,1.2808920350512611
326,1.27888280895169
499,1.2753046881234134
35,1.2739719425143372
228,1.2734104448208927
227,1.2702879602886552
1166,1.2617206157233214
267,1.2599472589458387
154,1.2599003089194445
816,1.2451494807979735
88,1.2447136401775425
26,1.2389806866124307
233,1.2343978268254792
250,1.231708119130658
618,1.223902621283779
20,1.2230569612136823
264,1.2223488216320895
802,1.2171919012423658
151,1.1943386541297636
800,1.1921920474404546
770,1.1869457177483866
237,1.183502823068828
1161,1.180695362581358
34,1.180161900600933
1173,1.1645011289256766
150,1.1628582417388127
796,1.1627355924893077
253,1.1625421124937778
787,1.1577648074098037
784,1.1576549169278987
271,1.1525965272401557
229,1.1480635833334687
775,1.1467085098810885
12,1.1446529632995779
242,1.1371838100696479
953,1.129447674031718
772,1.128379658860477
404,1.1267759713082848
241,1.1160528147147373
43,1.1127521271323897
263,1.110282843935727
135,1.1030579259741862
28,1.0947685322802148
208,1.0836872628214949
49,1.0774564515122873
402,1.0766490537551225
309,1.0752474499726543
817,1.0716912792610056
234,1.0669780897822012
778,1.066256100222626
173,1.0638579835290176
270,1.0625367515885082
187,1.059555704710261
822,1.0588426686718033
1301,1.057624821920518
805,1.0567583728935672
243,1.049468541903883
45,1.0493505932529534
1189,1.0491301967345565
807,1.0478367346994115
265,1.0475744944596341
152,1.0392833100614427
249,1.0359809576837644
1185,1.0357999706481793
808,1.0325369578039385
206,1.0320057761734225
412,1.0308729878728036
27,1.0298234393388863
771,1.027371825356565
266,1.0266846845799833
148,1.019580807032123
815,1.0147408972496674
226,1.011904421757817
384,1.0114351033623064
140,1.0055746180806928
232,1.0031375255904469
738,0.9943801845088956
1463,0.9827776662321467
1159,0.9816665902202623
416,0.9694920678526247
311,0.9653111372248505
403,0.9632309125007438
30,0.9610148460733494
401,0.95790334359436
737,0.9563645410905582
736,0.9563469837952295
733,0.9520953203505752
33,0.9461365561847596
1167,0.9445637582804359
275,0.9440139841037153
955,0.9436008770330094
144,0.9416688610632544
260,0.9381060591500273
210,0.9376354676757301
168,0.9330278178271699
488,0.9320821441281575
24,0.9311474105127632
814,0.9259966736485588
768,0.9254232425902498
240,0.9164937141055972
156,0.9161990313416246
1165,0.9126659159468712
587,0.903535842578936
256,0.9003611338367721
745,0.8988326698518952
