Residue_Index,T_1.0
225,2.630909896925766
226,2.616034484468739
227,2.4364399843157885
229,2.407485899816839
230,2.323305969906457
228,2.2898959540595665
215,2.185580748636207
216,2.1639574319767334
231,2.1127921027412997
217,2.082345163167114
219,2.073154320058559
218,2.0712862377771337
214,2.0690521137017686
224,2.008831780767801
212,1.9934735434098365
211,1.9284162808157108
221,1.9283588321067668
220,1.8941027207677317
213,1.8830055562697563
234,1.8760896338026274
233,1.8547696220729006
232,1.7510640874822396
222,1.6701734412350286
235,1.6683823319604563
238,1.6476384206873576
210,1.6276337431663281
223,1.6187995757223983
209,1.5427682867463939
236,1.5209027120052154
47,1.5159339959826121
163,1.5011802478628489
237,1.484634748611348
239,1.4782900216904098
245,1.4560520756958477
241,1.4464586099202286
242,1.4293722294756082
168,1.4291907010523388
567,1.4233084160167848
240,1.404375314671096
48,1.377764174586687
467,1.3615852954237377
569,1.3528239993324251
469,1.3484712617912828
160,1.347303721114942
566,1.3405136506357092
207,1.3350989585450792
102,1.32362039441837
172,1.3176082523308394
101,1.3136006164609901
208,1.3117648769259107
466,1.2976089321360709
244,1.297232525906817
167,1.2831682570150529
175,1.28019929559762
468,1.2789623888565789
616,1.2773708441916214
248,1.2770267476811112
243,1.2588449943625344
572,1.2574625873263903
255,1.2376987919447142
159,1.2206819034435783
164,1.2149436430548082
288,1.2128541406157078
173,1.1883665207769967
161,1.1875218710213804
176,1.1825499488287623
157,1.1754186994848919
568,1.172351431099388
171,1.1722096186787556
156,1.156901722863744
200,1.1471512631876288
28,1.1445389475230296
417,1.1428078606176857
246,1.1326147899499452
418,1.1178245824737063
162,1.108113385761238
256,1.1073945206919908
158,1.1023381818188882
206,1.0994152639940493
204,1.0950320993074594
205,1.0941530104875326
178,1.0899435722322612
571,1.0850270217486526
177,1.083553403693506
165,1.082282487870137
565,1.0752723812766902
30,1.0720330440715755
617,1.070360328778537
347,1.0554032565110247
573,1.0512685017643297
103,1.0489125014765182
286,1.0477011126083524
570,1.0437158021509347
614,1.0423198338568946
259,1.0317002839998959
203,1.0285683949305795
463,1.028174705295034
174,1.0136984812576555
155,1.008522722677879
287,1.0076870078232691
29,0.9866563116529002
613,0.977430673654363
196,0.9653339337759352
104,0.9551541539136527
564,0.9525501462487889
621,0.9516865274328694
470,0.9470603425370864
260,0.9455024050147743
247,0.9353701076268294
154,0.9318302572590559
166,0.9284443728461806
252,0.9279822892791174
349,0.9270939982215574
202,0.9116118737064175
273,0.9084908762677172
254,0.9072413106077857
105,0.904663993607241
253,0.9022227796143683
262,0.901864386514456
350,0.8983809628694595
201,0.8945262522734739
416,0.8901688840133057
199,0.887038883125747
619,0.8828736501342964
180,0.8791827470953592
609,0.8790464465452377
465,0.8785258287205113
